,stret_id,txt,sity_id,id
0,16,Gyumri Avznotsi street Giumri ulitsa Avznotsi Gyowmri Avznots`i p`oghots`,4,1
1,29,Gyumri Gorki Street Giumri ulitsa Gor'kogo Gyowmri Gorkow p`oghots`,4,2
2,160,Gyumri Melikyan street Giumri ulitsa Melikiana Gyowmri Melik`yan p`oghots`,4,3
3,14,Gyumri 7th street Ani district Giumri 7-ia ulitsa kvartala Ani Gyowmri Ani t`aghamasi 7-rd p`oghots`,4,4
4,1,Gyumri 26 Komisarneri Street 2nd backstreet Giumri 2-i pereulok ulitsy 26 Komissarov Gyowmri 26 komisarneri p`oghots`i 2-rd nrbants`k`,4,5
5,2,Gyumri 8th district Giumri 8-i kvartal Gyowmri 8-rd t`aghamas,4,6
6,3,"Gyumri Sargsyan 2nd backstreet Giumri Sargsiana, 2 pereulok Gyowmri Sargsiana, 2 pereulok",4,7
7,4,Gyumri Abovyan street Giumri ulitsa Aboviana Gyowmri Abovyan p`oghots`,4,8
8,5,Gyumri Atarbekyan street Giumri ulitsa Atarbekiana Gyowmri At`arbekyan p`oghots`,4,9
9,6,Gyumri Atoyan street Giumri ulitsa Atoiana Gyowmri At`oyan p`oghots`,4,10
10,7,Gyumri Alek Manukyan street Giumri ulitsa Aleka Manukiana Gyowmri Alek` Manowkyan p`oghots`,4,11
11,8,Gyumri Akhuryan Highway Giumri Akhurian shosse Gyowmri Akhowryani khchowghi,4,12
12,9,Gyumri Aghyusi street Giumri ulitsa Agiusi Gyowmri Aghyowsi p`oghots`,4,13
13,10,Gyumri Aygabats 1st lane Giumri 1-ia liniia Aigabatsa Gyowmri Aygabats`i 1-in shark`,4,14
14,11,Gyumri Aygabats 4nd lane Giumri 4-ia liniia Aigabatsa Gyowmri Aygabats`i 4-rd shark`,4,15
15,12,Gyumri Ayvazovsky 2nd backstreet Giumri 2-i pereulok ulitsy Aivazovskogo Gyowmri Ayvazovskow 2-rd nrbants`k`,4,16
16,13,Gyumri 15th street Ani district Giumri 15-ia ulitsa kvartala Ani Gyowmri Ani t`aghamasi 15-rd p`oghots`,4,17
17,351,Gyumri 4th street Giumri 4-ia ulitsa Gyowmri 4rd p`oghots`,4,18
18,15,Gyumri Ankakhutyan Square Giumri ploshchad' Nezavisimosti Gyowmri Ankakhowt`yan hraparak,4,19
19,17,Gyumri Aragats district Giumri kvartal Aragats Gyowmri Aragats t`aghamas,4,20
20,18,Gyumri Bagratunyats Square Giumri Ploshchad' Bagratuniats Gyowmri Bagratownyats` hraparak,4,21
21,19,Gyumri Baghramyan street Giumri ulitsa Bagramiana Gyowmri Baghramyan p`oghots`,4,22
22,20,Gyumri Bashinjaghyan street Giumri ulitsa Bashindzhagian Gyowmri Bashinjaghyan p`oghots`,4,23
23,21,Gyumri Bulvarayin 1st backstreet Giumri 1-i pereulok ulitsy Bul'varnaia Gyowmri Bowlvarayin 1-in nrbants`k`,4,24
24,22,Gyumri Bulvarain street Giumri ulitsa Bulvarain Gyowmri Bowlvarayin p`oghots`,4,25
25,23,Gyumri Gai street Giumri ulitsa Gaia Gyowmri Gayi p`oghots`,4,26
26,24,Gyumri Garegin Nzhdeh square Giumri ploshchad' Garegina Nzhde Gyowmri Garegin Nzhdehi Hraparak,4,27
27,25,Gyumri Garegin Nzhdeh Avenue Giumri prospekt Garegina Nzhde Gyowmri Garegin Nzhdehi poghota,4,28
28,27,Gyumri Gogol street Giumri ulitsa Gogolia Gyowmri Gogoli p`oghots`,4,29
29,28,Gyumri Gortsaranayin backstreet Giumri Fabrichnyi pereulok Gyowmri Gortsaranayin nrbants`k`,4,30
30,30,Gyumri Danielyan street Giumri ulitsa Danielian Gyowmri Danielyan p`oghots`,4,31
31,127,Gyumri Khnkoyan street Giumri ulitsa Khnkoiana Gyowmri Khnkoyan p`oghots`,4,32
32,31,Gyumri Dudko street Giumri ulitsa Dudko Gyowmri Dowdkoyi p`oghots`,4,33
33,33,Gyumri Yerevanyan Highway Giumri Erevanian shosse Gyowmri Erewanyan khchowghi,4,34
34,34,Gyumri Tamanyan street Giumri ulitsa Tamaniana Gyowmri T`amanyan p`oghots`,4,35
35,35,Gyumri Tumanyan Street Giumri Tumanian ul. Gyowmri T`owmanyan p`oghots`,4,36
36,36,Gyumri Isahakyan street Giumri ulitsa Isaakiana Gyowmri Isahakyan p`oghots`,4,37
37,37,Gyumri Lalayan street Giumri ulitsa Lalaiana Gyowmri Lalayan p`oghots`,4,38
38,38,Gyumri Khanjyan street Giumri ulitsa Khandzhiana Gyowmri Khanjyan p`oghots`,4,39
39,39,Gyumri Khrimyan Hayrik Highway Giumri shosse Khrimiana Airika Gyowmri Khrimyan Hayrik khchowghi,4,40
40,65,Gyumri Mher Mkrtchyan street Giumri ulitsa Mgera Mkrtchiana Gyowmri Mher Mktrch`yani p`oghots`,4,41
41,40,Gyumri Khachatur Abovyan 1st backstreet Giumri 1-i pereulok ulitsy Khachatura Aboviana Gyowmri Kh.Abovyan p`oghots`i 1-in nrbants`k`,4,42
42,41,Gyumri Tsnndatan street Giumri ulitsa Roddoma Gyowmri Tsnndatan p`oghots`,4,43
43,42,Gyumri Kamo street Giumri ulitsa Kamo Gyowmri Kamo p`oghots`,4,44
44,43,Gyumri Karen Demirchyan 7th backstreet Giumri 7-i pereulok ulitsy Karena Demirchiana Gyowmri Karen Demirchyan 7-rd nrbants`k`,4,45
45,44,Gyumri Karen Demirchyan street Giumri ulitsa Karena Demirchiana Gyowmri Karen Demirchyan p`oghots`,4,46
46,45,Gyumri 3nd backstreet Karen Demirchyan Giumri 3-i pereulok ulitsy Karena Demirchiana Gyowmri Karen Demirchyani 3-rd nrbants`k`,4,47
47,46,Gyumri Keckhoveli street Giumri ulitsa Ketskhoveli Gyowmri Kets`khoveli p`oghots`,4,48
48,47,Gyumri Komitas street Giumri ulitsa Komitasa Gyowmri Komitasi p`oghots`,4,49
49,48,Gyumri Koshtoyan street Giumri ulitsa Koshtoiana Gyowmri Koshtoyan p`oghots`,4,50
50,49,Gyumri Kotovski street Giumri ulitsa Kotovskogo Gyowmri Kotovskow p`oghots`,4,51
51,50,Gyumri Hakobyan street Giumri ulitsa Akopiana Gyowmri Hakobyan p`oghots`,4,52
52,51,Gyumri Haghtanak Avenue Giumri prospekt Akhtanak Gyowmri Haght`anaki poghota,4,53
53,52,"Gyumri Hansoglyan 1st backstreet Giumri ulitsa Anesoglian, 1-i pereulok Gyowmri Hanesoghlyan 1-in nrbants`k`",4,54
54,53,Gyumri Hovhannes Shiraz street Giumri ulitsa Ovanesa Shiraza Gyowmri Hovhannes Shirazi p`oghots`,4,55
55,54,Gyumri 1st backstreet Ghandilyan street Giumri 1-i pereulok ulitsy Gandilian Gyowmri Ghandilyan p`oghots` 1-in nrbants`k`,4,56
56,94,Gyumri Sayat-Nova Avenue Giumri Prospekt Saiat-Nova Gyowmri Sayat`-Novayi poghota,4,57
57,151,Gyumri Hnocavan 3th lane Giumri 3-i riad Khnotsavan Gyowmri Hnots`avan 3-rd shark`,4,58
58,55,Gyumri Ghandilyan street Giumri ulitsa Khandilian Gyowmri Ghandilyani p`oghots`,4,59
59,56,Gyumri Gharibjanyan Highway Giumri shosse Garibdzhaniana Gyowmri Gharibjanyan khchowghi,4,60
60,57,Gyumri Kars highway Giumri Karsi shosse Gyowmri Gharsi khchowghi,4,61
61,58,Gyumri Ghorghanayn Street Giumri ulitsa Gorganiana Gyowmri Ghorghanyan p`oghots`,4,62
62,59,Gyumri 5nd and 6nd lane Ghukasyan Giumri 5-ia i 6-ia liniia ulitsy Gukasiana Gyowmri Ghowkasyan 5-rd ew 6-rd shark`er,4,63
63,60,Gyumri Ghukasyan Street Giumri ulitsa Gukasiana Gyowmri Ghowkasyan p`oghots`,4,64
64,61,Gyumri Mazmanyan Street Giumri ulitsa Mazmaniana Gyowmri Mazmanyan p`oghots`,4,65
65,62,Gyumri Mayakovski Street Giumri ulitsa Maiakovskogo Gyowmri Mayakovskow p`oghots`,4,66
66,63,Gyumri Manushyan street Giumri ulitsa Manushiana Gyowmri Manowshyan p`oghots`,4,67
67,64,Gyumri Marti 8 street Giumri ulitsa 8 Marta Gyowmri Marti 8-i p`oghots`,4,68
68,124,Gyumri A. Krityan street Giumri ulitsa A. Kritiana Gyowmri A. Krityan p`oghots`,4,69
69,125,Gyumri Shchors street Giumri ulitsa Shchorsa Gyowmri Shch`orsi p`oghots`,4,70
70,66,Gyumri Myasnikyan Street Giumri ulitsa Miasnikiana Gyowmri Myansikyan p`oghots`,4,71
71,67,Gyumri Movses Khorenatsi street Giumri ulitsa Movsesa Khorenatsi Gyowmri Movses Khorenats`ow p`oghots`,4,72
72,68,Gyumri Mozart street Giumri ulitsa Motsarta Gyowmri Mots`arti p`oghots`,4,73
73,69,Gyumri Musayelyan Street Giumri ulitsa Musaeliana Gyowmri Mowsayelyan p`oghots`,4,74
74,70,"Gyumri Msi kombinat,1st lane Giumri Miasnoi kombinat, 1-ia liniia Gyowmri Msi Kombinat 1-in shark`",4,75
75,71,Gyumri Nerses Snorhali street Giumri ulitsa Nersesa IV Shnorali Gyowmri N. Shnorhali p`oghots`,4,76
76,72,Gyumri Nekrasov street Giumri ulitsa Nekrasova Gyowmri Nekrasovi p`oghots`,4,77
77,73,Gyumri Charles Aznavour square Giumri ploshchad' Sharlia Aznavura Gyowmri Sh.Aznavowri hraparak,4,78
78,74,Gyumri Shahumyan Street Giumri ulitsa Shaumiana Gyowmri Shahowmyan p`oghots`,4,79
79,75,Gyumri Shara Talyan street Giumri ulitsa Shary Tal'iana Gyowmri Shara Talyan p`oghots`,4,80
80,76,Gyumri Sheram street Giumri ulitsa Sherami Gyowmri Sheram p`oghots`,4,81
81,77,Gyumri Shinararner street Giumri ulitsa Shinararneri Gyowmri Shinararneri p`oghots`,4,82
82,92,Gyumri Rustaveli Street Giumri ulitsa Rustaveli Gyowmri Rhowst`aveli p`oghots`,4,83
83,93,Gyumri Pogranichnaya street Giumri Pogranichnaia ulitsa Gyowmri Sahmanapah p`oghots`,4,84
84,78,Gyumri Shirakatsi street Giumri ulitsa Shirakatsi Gyowmri Shirakats`ow p`oghots`,4,85
85,79,Gyumri Schedrin street Giumri ulitsa Shchedrina Gyowmri Shch`edrini p`oghots`,4,86
86,80,Gyumri Sherbina street Giumri ulitsa Shcherbiny Gyowmri Shch`erbinayi p`oghots`,4,87
87,81,Gyumri Chaykovski street Giumri ulitsa Chaikovskogo Gyowmri Ch`aykovskow p`oghots`,4,88
88,82,Gyumri Charents street Giumri ulitsa Charentsa Gyowmri Ch`arents`i p`oghots`,4,89
89,83,Gyumri Chelyuskincev street Giumri ulitsa Cheliuskintseva Gyowmri Ch`elyowskints`ew p`oghots`,4,90
90,84,Gyumri Chexov street Giumri ulitsa Chekhova Gyowmri Ch`ekhovi p`oghots`,4,91
91,85,Gyumri Chernyshevsky street Giumri ulitsa Chernishevskogo Gyowmri Ch`ernishewskow p`oghots`,4,92
92,86,Gyumri Chulyuskincev Street Giumri ulitsa Cheliuskintseva Gyowmri Ch`owlyowskints`ew p`oghots`,4,93
93,87,Gyumri Pushkin 3th backstreet Giumri 3-i pereulok Pushkina Gyowmri Powshkini 3-rd nrbants`k`,4,94
94,88,Gyumri Proshyan Street Giumri ulitsa Proshiana Gyowmri Prhoshyan p`oghots`,4,95
95,89,Gyumri Jambul street Giumri ulitsa Dzhambula Gyowmri Jambowl p`oghots`,4,96
96,90,Gyumri Jivani street Giumri ulitsa Dzhivani Gyowmri Jivan p`oghots`,4,97
97,91,Gyumri Jivani Street Giumri ulitsa Dzhivani Gyowmri Jivani p`oghots`,4,98
98,249,Gyumri Mnjoyan Street Giumri ulitsa Mndzhoian Gyowmri Mnjoyan p`oghots`,4,99
99,95,Gyumri Sevyan Street Giumri ulitsa Sevian Gyowmri Sevyan p`oghots`,4,100
100,96,Gyumri Soghomon Tehlerian street Giumri ulitsa Sogomona Teileriana Gyowmri Soghomon T`ehleryan p`oghots`,4,101
101,97,Gyumri Sundukyan Street Giumri ulitsa Sundukiana Gyowmri Sowndowkyan p`oghots`,4,102
102,98,Gyumri Suren Matnishyan Street Giumri ulitsa Surena  Matnishiana Gyowmri Sowren Matnishyan p`oghots`,4,103
103,99,Gyumri Spandaryan street Giumri ulitsa Spandariana Gyowmri Spandaryan p`oghots`,4,104
104,100,Gyumri V. Cheraz Street Giumri ulitsa V. Cheraza Gyowmri V. Ch`eraz p`oghots`,4,105
105,101,Gyumri Vazgen Sargsyan street Giumri ulitsa Vazgena Sargsiana Gyowmri Vazgen Sargsyani p`oghots`,4,106
106,102,Gyumri Vahan Teryan street Giumri ulitsa Vagana Teriana Gyowmri Vahan Teryani p`oghots`,4,107
107,103,Gyumri Varpetats Street Giumri ulitsa Varpetats Gyowmri Varpetats` p`oghots`,4,108
108,104,Gyumri Tigran Mets Avenue Giumri prospekt Tigrana Metsa Gyowmri Tigran Metsi poghota,4,109
109,126,Gyumri Ter-Gabrielayn street Giumri ulitsa Ter-Gabrieliana Gyowmri Ter-Gabrielyan p`oghots`,4,110
110,105,Gyumri Tigranyan Street Giumri ulitsa Tigraniana Gyowmri Tigranyan p`oghots`,4,111
111,106,Gyumri Trdat Architector street Giumri ulitsa Trdata Stroitelia Gyowmri Trdat Chartarapeti p`oghots`,4,112
112,107,Gyumri Tsulukidze Street Giumri ulitsa Tsulukidze Gyowmri Ts`owlowkidze p`oghots`,4,113
113,108,Gyumri Airport 3th district Giumri 3-i kvartal Aeroporta Gyowmri Odanavakayani 3-rd t`aghamas,4,114
114,109,Gyumri Ozanyan street Giumri ulitsa Ozaniana Gyowmri Ozanyan p`oghots`,4,115
115,110,Gyumri O. Koshevoy street Giumri ulitsa O. Kashevogo Gyowmri O. Koshevoyi p`oghots`,4,116
116,111,Gyumri Furmanov 3th backstreet Giumri 3-i pereulok ulitsy Furmanov Gyowmri Fowrmanovi 3-rd nrbants`k`,4,117
117,112,Gyumri Furmanov street Giumri ulitsa Furmanova Gyowmri Fowrmanovi p`oghots`,4,118
118,113,Gyumri episkopos Artak Smbatyan  street Giumri ulitsa episkopa Artaka Smbatiana Gyowmri episkopos Artak Smbatyani p`oghots`,4,119
119,114,Gyumri S. Hambartsumyan Street Giumri 2-i pereulok ulitsy Sergeia Ambardzumiana Gyowmri S.Hambardzowmyani p`oghots`,4,120
120,115,Gyumri Rizhkov Street Giumri ulitsa Ryzhkova Gyowmri Rhizhkovi p`oghots`,4,121
121,116,Gyumri Marmashen highway Giumri shosse Marmashen Gyowmri Marmasheni khchowghi,4,122
122,117,Gyumri Aragats street Giumri ulitsa Aragats Gyowmri Aragats p`oghots`,4,123
123,118,Gyumri L. Madoyan Street Giumri ulitsa L. Madoiana Gyowmri L. Madoyan p`oghots`,4,124
124,119,Gyumri Stepan Shahumyan street Giumri ulitsa Stepana Shaumiana Gyowmri Step`an Shahowmyan p`oghots`,4,125
125,120,Gyumri Boryan 1st backstreet Giumri 1-i pereulok ulitsy Borian Gyowmri Boryan 1-in nrbants`k`,4,126
126,121,"Gyumri Msi kombinat,2nd lane Giumri Miasnoi kombinat, 2-ia liniia Gyowmri Msi Kombinat 2-rd shark`",4,127
127,122,Gyumri Mendeleev street Giumri ulitsa Mendeleeva Gyowmri Mendeleew p`oghots`,4,128
128,123,Gyumri 26 Komisarneri Street Giumri ulitsa 26 Komissarov Gyowmri 26 komisarneri p`oghots`,4,129
129,128,"Gyumri Msi kombinat,5nd lane Giumri Miasnoi kombinat, 5-ia liniia Gyowmri Msi Kombinat 5-rd shark`",4,130
130,129,Gyumri K. Sargsyan street Giumri ulitsa K. Sarksian Gyowmri K. Sargsyan p`oghots`,4,131
131,130,"Gyumri Msi kombinat,3nd lane Giumri Miasnoi kombinat, 3-ia liniia Gyowmri Msi Kombinat 3-rd shark`",4,132
132,131,Gyumri Atchemyan Street Giumri ulitsa Achemiana Gyowmri Achemyan p`oghots`,4,133
133,132,"Gyumri G. Sargsyan street, 2nd backstreet Giumri ulitsa G. Sargsian, 2-i pereulok Gyowmri G.Sargsyan p`oghots`, 2-rd nrbants`k`",4,134
134,133,Gyumri Kazachy post district Giumri kvartal Kazachii post Gyowmri Kazakakan p`ost t`aghamas,4,135
135,134,Gyumri Khnkoyan backstreet Giumri pereulok Khnkoiana Gyowmri Khnkoyan nrbants`k`,4,136
136,135,Gyumri Boryan street Giumri ulitsa Boriana Gyowmri Boryan p`oghots`,4,137
137,136,Gyumri Pionerakan street Giumri ulitsa Pionerskaia Gyowmri Pionerakan p`oghots`,4,138
138,137,Gyumri Knunyants street Giumri ulitsa Knuniantsa Gyowmri Knownyants` p`oghots`,4,139
139,138,Gyumri Nalbandyan street Giumri ulitsa Nalbandiana Gyowmri Nalbandyan p`oghots`,4,140
140,139,Gyumri Karen Demirchyan 8th backstreet Giumri 8-i pereulok ulitsy Karena Demirchiana Gyowmri Karen Demirchyan 8-rd nrbants`k`,4,141
141,140,Gyumri Lisinyan street Giumri ulitsa Lisiniana Gyowmri Lisinyan p`oghots`,4,142
142,141,Gyumri Kurghinyan stret Giumri ulitsa Kurginiana Gyowmri Kowrghinyan p`oghots`,4,143
143,142,Gyumri Shahinyan street Giumri ulitsa Shaginiana Gyowmri Shahinyan p`oghots`,4,144
144,143,Gyumri Sargsyan Street Giumri ulitsa G. Sargsian Gyowmri Sargsyan p`oghots`,4,145
145,144,Gyumri Spartak 2th backstreet Giumri 2-i pereulok ulitsy Spartaka Gyowmri Spartaki p`oghots`i 2-rd nrbants`k`,4,146
146,145,Gyumri Khachatur Abovyan 2nd backstreet Giumri 2-i pereulok ulitsy Khachatura Aboviana Gyowmri Kh.Abovyan p`oghots`i 2-rd nrbants`k`,4,147
147,146,Gyumri 9nd lane Ghukasyan Giumri 9-ia liniia Gukasiana Gyowmri Ghowkasyan 9-rd shark`,4,148
148,147,Gyumri Comintern 3th backstreet Giumri 3-i pereulok ulitsy Kominterna Gyowmri Kominterni 3-rd nrbants`k`,4,149
149,148,Gyumri Merkulov Street Giumri ulitsa Merkulova Gyowmri Merkowrovi p`oghots`,4,150
150,149,Gyumri Petrosyan 1st lane Giumri 1-i riad Petrosian Gyowmri Petrosyan 1-in shark`,4,151
151,150,Gyumri Yeghishe Charents street Giumri ulitsa Egishe Charentsa Gyowmri Eghishe Ch`arents`i p`oghots`,4,152
152,152,Gyumri Hnocavan 4th lane Giumri 4-i riad Khnotsavan Gyowmri Hnots`avan 4-rd shark`,4,153
153,153,Gyumri Spartak Street Giumri ulitsa Spartaka Gyowmri Spartaki p`oghots`,4,154
154,154,Gyumri Artyem Petrosyan Street Giumri ulitsa Artema Petrosiana Gyowmri Artyom Petrosyan p`oghots`,4,155
155,155,Gyumri Paronyan street Giumri ulitsa Paroniana Gyowmri Paronyan p`oghots`,4,156
156,156,Gyumri Comintern Street Giumri ulitsa Kominterna Gyowmri Komintern p`oghots`,4,157
157,157,Gyumri Madoyan Street Giumri ulitsa L. Madoiana Gyowmri L. Madoyan p`oghots`,4,158
158,158,Gyumri Matrosov street Giumri ulitsa Matrosova Gyowmri Matrosov p`oghots`,4,159
159,159,Gyumri Dekabritst street Giumri Dekabrist ul. Gyowmri Dekabristi p`oghots`,4,160
160,161,Gyumri Gharibjanyan street Giumri ulitsa Garibdzhaniana Gyowmri Gharibjanyan p`oghots`,4,161
161,162,Gyumri Komitas 1st backstreet Giumri 1-i pereulok ulitsy Komitasa Gyowmri Komitasi 1-in nrbants`k`,4,162
162,163,Gyumri Nizam street Giumri Nizam ul. Gyowmri Nizam p`oghots`,4,163
163,164,Gyumri Jdanov street Giumri ulitsa Zhdanova Gyowmri Zhdanovi p`oghots`,4,164
164,165,Gyumri Meqenavarneri street Giumri ulitsa Mekenavarneri Gyowmri Mek`enavarneri p`oghots`,4,165
165,166,Gyumri Avetisyan street Giumri ulitsa Avetisiana Gyowmri Avetisyan p`oghots`,4,166
166,167,Gyumri Telman street Giumri ulitsa Telmana Gyowmri T`elman p`oghots`,4,167
167,168,Gyumri Garegin A street Giumri ulitsa Katalikosa Garegina pervogo Gyowmri Garegin A kat`oghikosi p`oghots`,4,168
168,169,Gyumri Aygabats 6nd lane Giumri 6-ia liniia Aigabatsa Gyowmri Aygabats`i 6-rd shark`,4,169
169,170,Gyumri Panyan ytreet Giumri ulitsa Paniana Gyowmri P`anyan p`oghots`,4,170
170,171,Gyumri Shirvanzade street Giumri ulitsa Shirvanzade Gyowmri Shirvanzadei p`oghots`,4,171
171,172,Gyumri Stepanyan street Giumri ulitsa Stepaniana Gyowmri Step`anyan p`oghots`,4,172
172,173,Gyumri Lazo street Giumri ulitsa Lazo Gyowmri Lazoyi p`oghots`,4,173
173,174,Gyumri Aygabats 5nd lane Giumri 5-ia liniia Aigabatsa Gyowmri Aygabats`i 5-rd shark`,4,174
174,175,Gyumri Mazmanyan 1st backstreet Giumri 1-i pereulok ulitsy Mazmanian Gyowmri Mazmanyan 1-in nrbants`k`,4,175
175,176,Gyumri S. Grigoryan street Giumri ulitsa S. Grigoriana Gyowmri Sasha Grigoryani p`oghots`,4,176
176,177,Gyumri Nelson Stepanyan 1st deadlock Giumri 1-i tupok ulitsy Nelsona Staepaniana Gyowmri Nelson Step`anyan 1-in p`akowghi,4,177
177,178,Gyumri 33th street Giumri 33-ia ulitsa Gyowmri 33-rd p`oghots`,4,178
178,179,Gyumri Khachatryan street Giumri ulitsa Khachatriana Gyowmri Khach`atryan p`oghots`,4,179
179,180,Gyumri Lomonosov street Giumri ulitsa Lomonosova Gyowmri Lomonosovi p`oghots`,4,180
180,181,Gyumri Gogunts street Giumri ulitsa Goguntsa Gyowmri Gogownts`i p`oghots`,4,181
181,182,Gyumri Ghandilyan 3th backstreet Giumri 3-i pereulok ulitsy Gandilian Gyowmri Ghandilyan 3-rd nrbants`k`,4,182
182,183,Gyumri Jrashinararnery Street Giumri ulitsa vodnykh stroitelei Gyowmri Jrashinararneri p`oghots`,4,183
183,184,Gyumri Dashtents Street Giumri ulitsa Dashtentsi Gyowmri Dashtents`i p`oghots`,4,184
184,185,Gyumri Tumanyan 6th backstreet Giumri 6-i pereulok ulitsy Tumanian Gyowmri T`owmanyan 6-rd nrbants`k`,4,185
185,186,Gyumri 1st district Tbilisian higway Giumri 1-i kvartal Tbilisskogo shosse Gyowmri T`bilisyan khchowghow 1-in t`aghamas,4,186
186,187,Gyumri Eletropriborni street 2nd lane Giumri 2-ia liniia ulitsy Elektropribornyi Gyowmri Elektropriborni p`oghots` 2-rd shark`,4,187
187,188,Gyumri Raskatlyan street Giumri ulitsa Raskatlian Gyowmri Rhaskatlyan p`oghots`,4,188
188,189,"Gyumri Southeast bypass road, 1st  backstreet Giumri Iugo-Vostochnaia ob'ezdnaia doroga, 1-i pereulok Gyowmri Haravarewelyan shrjants`ik chanaparh, 1-in nrbants`k`",4,189
189,190,Gyumri Poghosyan street Giumri ulitsa Pogosian Gyowmri Poghosyan p`oghots`,4,190
190,191,Gyumri Arevelyan street Giumri ulitsa Arevelian Gyowmri Arewelyan p`oghots`,4,191
191,192,Gyumri A.Armenyan street Giumri ulitsa Armenian Gyowmri A. Armenyan p`oghots`,4,192
192,193,Gyumri Kirovakanyan street Giumri ulitsa Kirovakanian Gyowmri Kirovakanyan p`oghots`,4,193
193,194,Gyumri Eletropriborni street 9nd lane Giumri 9-ia liniia ulitsy Elektropribornyi Gyowmri Elektropriborni p`oghots` 9-rd shark`,4,194
194,195,Gyumri Karen Khachatryan street Giumri ulitsa Karena Khachatriana Gyowmri Karen Khach`atryan p`oghots`,4,195
195,196,"Gyumri 5th deadlock Tbilisian higway Giumri Tbilisskoe shosse, 5-i tupik Gyowmri T`bilisyan khchowghi 5-rd p`akowghi",4,196
196,197,Gyumri M.Sargsyan street Giumri ulitsa Melika Sargsian Gyowmri M. Sargsyan p`oghots`,4,197
197,198,Gyumri Spartak 1st backstreet Giumri 1-i pereulok ulitsy Spartaka Gyowmri Spartaki p`oghots`i 1-in nrbants`k`,4,198
198,199,Gyumri Marat street Giumri ulitsa Marata Gyowmri Marati p`oghots`,4,199
199,200,Gyumri Bulvarayin 2th backstreet Giumri 2-i pereulok ulitsy Bul'varnaia Gyowmri Bowlvarayin 2-rd nrbants`k`,4,200
200,201,Gyumri Tekstilagortsneri street Giumri ulitsa Tekstilagortsneri Gyowmri Tek`stilagortsneri p`oghots`,4,201
202,203,Gyumri Gorganyan 7th backstreet Giumri 7-i pereulok ulitsy Gorgonian Gyowmri Ghorghanyan 7-rd nrbants`k`,4,202
203,204,Gyumri Japaridze street Giumri ulitsa Dzhaparidze Gyowmri Jap`aridze p`oghots`,4,203
204,205,Gyumri Stepan Shahumyan 1st backstreet Giumri 1-i pereulok ulitsy Stepana Shaumiana Gyowmri Step`an Shahowmyan 1-in nrbants`k`,4,204
205,206,Gyumri Nar-Dos street Giumri ulitsa Nar-Dosa Gyowmri Nar-Dos p`oghots`,4,205
206,207,Gyumri Alexander Herzen street Giumri ulitsa A.Gertsena Gyowmri Alek`sandr Gerts`eni p`oghots`,4,206
207,208,Gyumri Margaret Thatcher street Giumri ulitsa Margaret Tetcher Gyowmri Margaret T`etch`er p`oghots`,4,207
208,209,Gyumri Armen Yesayan street Giumri ulitsa Armena Esaiana Gyowmri Armen Esayan p`oghots`,4,208
209,210,Gyumri Pushkin street Giumri ulitsa Pushkina Gyowmri Powshkini p`oghots`,4,209
210,211,Gyumri Furmanov 4th backstreet Giumri 4-i pereulok ulitsy Furmanova Gyowmri Fowrmanovi 4-rd nrbants`k`,4,210
211,212,Gyumri Ghukasyan 1st and 2nd lane Giumri 1-ia i 2-ia liniia ulitsy Gukasiana Gyowmri Ghowkasyan 1-in ew 2-rd shark`er,4,211
212,213,Gyumri Gercen 4th backstreet Giumri 4-i pereulok ulitsy Gertsena Gyowmri Gerts`eni 4-rd nrbants`k`,4,212
213,214,Gyumri 3th backsttreet Rustaveli street Giumri 3-i pereulok ulitsy Rustaveli Gyowmri Rhowst`aveli p`oghots`i 3-rd nrbants`k`,4,213
214,215,Gyumri Gercen 6th backstreet Giumri 6-i pereulok ulitsy Gertsena Gyowmri Gerts`eni 6-rd nrbants`k`,4,214
215,216,Gyumri Gercen 1st backstreet Giumri 1-i pereulok ulitsy Gertsena Gyowmri Gerts`eni 1-in nrbants`k`,4,215
216,217,Gyumri Komsomol street 16th backstreet Giumri 16-i pereulok ulitsy Komsomola Gyowmri Komsomoli p`oghots`i 16-rd nrbants`k`,4,216
217,218,Gyumri Hovhannes Shiraz 1st backstreet Giumri 1-i pereulok ulitsy Ovannesa Shiraza Gyowmri Hovhannes Shirazi 1-in nrbants`k`,4,217
218,219,Gyumri Timiryazev 1st backstreet Giumri 1-i pereulok ulitsy Temiriazev Gyowmri Timiryazewi 1-in nrbants`k`,4,218
219,220,"Gyumri Kutaisi 1st deadlock,1st lane Giumri 1-ia liniia, 1-i tupik Kutaisian Gyowmri K`owt`aisyan 1-in nrbants`k`,1-in shark`",4,219
220,221,Gyumri Karen Demirchyan 6th backstreet Giumri 6-i pereulok ulitsy Karena Demirchiana Gyowmri Karen Demirchyan 6-rd nrbants`k`,4,220
221,222,Gyumri Timiryazev 2nd backstreet Giumri 2-i pereulok ulitsy Temiriazev Gyowmri Timiryazewi 2-rd nrbants`k`,4,221
222,223,Gyumri Antaravan 5th street Giumri 5-ia ulitsa Antaravan Gyowmri Antarhavan 5-rd p`oghots`,4,222
223,224,Gyumri Verfel street Giumri ulitsa Verfelia Gyowmri F.Verfeli p`oghots`,4,223
224,225,Gyumri Katsayatan street Giumri ulitsa Katel'naia Gyowmri Kat`sayatan p`oghots`,4,224
225,226,Gyumri Savoyan street Giumri ulitsa Savoiana Gyowmri Savoyan p`oghots`,4,225
226,227,Gyumri Hovsepyan street Giumri ulitsa Ovsepiana Gyowmri Hovsep`yan p`oghots`,4,226
227,228,Gyumri Komsomol street Giumri ulitsa Komsomola Gyowmri Komsomol p`oghots`,4,227
228,229,Gyumri Tolstoy street Giumri ulitsa Tolstogo Gyowmri Tolstoy p`oghots`,4,228
229,230,Gyumri Repin street Giumri ulitsa Repina Gyowmri Rhepini p`oghots`,4,229
230,231,Gyumri Hansoglyan Street Giumri ulitsa Anesogliana Gyowmri Hanesoghlyan p`oghots`,4,230
231,232,Gyumri Alaverdyan street Giumri ulitsa Alaverdiana Gyowmri Alaverdyan p`oghots`,4,231
232,233,Gyumri Spendiarov street Giumri ulitsa Spendiarova Gyowmri Spendiarovi p`oghots`,4,232
233,234,Gyumri Sarukhanyan street Giumri ulitsa Sarukhaniana Gyowmri Sarowkhanyan p`oghots`,4,233
234,235,Gyumri 11th street Ani district Giumri 11-ia ulitsa kvartala Ani Gyowmri Ani t`aghamasi 11-rd p`oghots`,4,234
235,236,Gyumri 9th street Ani district Giumri 9-ia ulitsa kvartala Ani Gyowmri Ani t`aghamasi 9-rd p`oghots`,4,235
236,237,Gyumri 5th street Ani district Giumri 5-ia ulitsa kvartala Ani Gyowmri Ani t`aghamasi 5-rd p`oghots`,4,236
237,238,Gyumri 3rd street Ani district Giumri 3-ia ulitsa kvartala Ani Gyowmri Ani t`aghamasi 3-rd p`oghots`,4,237
238,239,Gyumri 13th street Ani district Giumri 13-ia ulitsa kvartala Ani Gyowmri Ani t`aghamasi 13-rd p`oghots`,4,238
239,240,Gyumri Ghukasyan 16th lane Giumri 16-ia liniia ulitsy Gukasiana Gyowmri Ghowkasyan 16-rd shark`,4,239
240,241,Gyumri Yerkatgtsi street Giumri ulitsa Erkatgtsi Gyowmri Erkat`gtsi p`oghots`,4,240
241,242,Gyumri Furmanov 5th backstreet Giumri 5-i pereulok ulitsy Furmanova Gyowmri Fowrmanovi 5-rd nrbants`k`,4,241
242,243,Gyumri Mush highway Giumri Mushskoe shosse Gyowmri Mowshi khchowghi,4,242
243,244,Gyumri K. Halabyan street Giumri ulitsa K. Alabiana Gyowmri K. Halabyan p`oghots`,4,243
244,245,Gyumri 9th street Giumri 9-ia ulitsa Gyowmri 9-rd p`oghots`,4,244
245,246,Gyumri 11th street Giumri 11-ia ulitsa Gyowmri 11-rd p`oghots`,4,245
246,247,Gyumri 7th street Giumri 7-ia ulitsa Gyowmri 7-rd p`oghots`,4,246
247,248,Gyumri Airport 2th district Giumri 2-i kvartal Aeroporta Gyowmri Odanavakayani 2-rd t`aghamas,4,247
248,250,Gyumri Aygabats 2nd lane Giumri 2-ia liniia Aigabatsa Gyowmri Aygabats`i 2-rd shark`,4,248
249,251,Gyumri Ayvazovsky 1st backstreet Giumri 1-i pereulok ulitsy Aivazovskogo Gyowmri Ayvazovskow 1-in nrbants`k`,4,249
250,252,Gyumri Ayvazovsky street Giumri ulitsa Aivazovskogo Gyowmri Ayvazovskow p`oghots`,4,250
251,253,Gyumri Vazgen Sargsyan street 1st district Giumri 1-i kvartal ulitsy V. Sargsian Gyowmri Vazgen Sargsyan p`oghots`i 1-in t`aghamas,4,251
252,254,Gyumri Karen Demirchyan 5th backstreet Giumri 5-i pereulok ulitsy Karena Demirchiana Gyowmri Karen Demirchyan 5-rd nrbants`k`,4,252
253,255,Gyumri Shirakatsi 1st deadlock Giumri 1-i tupik ulitsy Shirakatsi Gyowmri Shirakats`ow 1-in p`akowghi,4,253
254,256,Gyumri Pavlov 1st backstreet Giumri 3-i pereulok ulitsy Pavlova Gyowmri Pavlovi 3-rd nrbants`k`,4,254
255,257,Gyumri Pavlov 2nd backstreet Giumri 2-i pereulok ulitsy Pavlova Gyowmri Pavlovi 2-rd nrbants`k`,4,255
256,258,Gyumri 1st backstreet Karen Demirchyan Giumri 1-i pereulok ulitsy Karena Demirchiana Gyowmri Karen Demrichyani 1-in nrbants`k`,4,256
257,259,Gyumri 3rd street Antaravan Giumri 3-ia ulitsa Antaravan Gyowmri Antarhavan 3-rd p`oghots`,4,257
258,260,Gyumri Kuznetsov street Giumri ulitsa Kuznetsova Gyowmri Kowznets`ovi p`oghots`,4,258
259,261,Gyumri 2nd backstreet Karen Demirchyan Giumri 2-i pereulok ulitsy Karena Demirchiana Gyowmri Karen Demirchyani 2-rd nrbants`k`,4,259
260,262,Gyumri Pavlov street Giumri ulitsa Pavlova Gyowmri Pavlovi p`oghots`,4,260
261,263,Gyumri Aghayan street Giumri ulitsa Agaiana Gyowmri Aghayan p`oghots`,4,261
262,264,Gyumri Vienna street Giumri ulitsa Veny Gyowmri Viennayi p`oghots`,4,262
263,265,Gyumri Vazgen Sargsyan street 2th district Giumri 2-i kvartal ulitsy V. Sargsian Gyowmri Vazgen Sargsyan p`oghots`i 2-rd t`aghamas,4,263
264,266,Gyumri Marks 1st backstreet Giumri 1-i pereulok ulitsy Marksa Gyowmri Mark`si 1-in nrbants`k`,4,264
265,267,Gyumri Furmanov street 1st lane Giumri 1-i pereulok ulitsy Furmanova Gyowmri Fowrmanov p`oghots`i 1-in nrbants`k`,4,265
266,268,Gyumri Vahan Teryan 1st backstreet Giumri 1-i pereulok ulitsy Vagana Teriana Gyowmri Vahan teryan 1-in nrbants`k`,4,266
267,269,Gyumri Chkalov street Giumri ulitsa Chkalova Gyowmri Ch`kalovi p`oghots`,4,267
268,270,Gyumri Vahan Cheraz Street Giumri ulitsa Vagana Cheraza Gyowmri Cheraz Street,4,268
269,271,Gyumri Rustaveli 4th backstreet Giumri 4-i pereulok ulitsy Rustaveli Gyowmri Rhowst`aveli 4-rd nrbants`k`,4,269
270,272,Gyumri Aygabats 3nd lane Giumri 3-ia liniia Aigabatsa Gyowmri Aygabats`i 3-rd shark`,4,270
271,273,Gyumri 3nd & 4nd lane Ghukasyan Giumri 3-ia i 4-ia liniia ulitsy Gukasiana Gyowmri Ghowkasyan 3-rd ew 4-rd shark`er,4,271
272,274,"Gyumri G. Sargsyan street, 4nd backstreet Giumri ulitsa G. Sargsian, 4-i pereulok Gyowmri G.Sargsyan p`oghots`, 4-rd nrbants`k`",4,272
273,275,"Gyumri G. Sargsyan street, 3nd backstreet Giumri ulitsa G. Sargsian, 3-i pereulok Gyowmri G.Sargsyan p`oghots`, 3-rd nrbants`k`",4,273
274,276,Gyumri Furmanov 2th backstreet Giumri 2-i pereulok ulitsy Furmanov Gyowmri Fowrmanovi 2-rd nrbants`k`,4,274
275,277,Gyumri Aragats Street Giumri ulitsa Aragatsa Gyowmri Aragatsi p`oghots`,4,275
276,278,Gyumri Pushkin 7th backstreet Giumri 7-i pereulok ulitsy Pushkina Gyowmri Powshkini 7-rd nrbants`k`,4,276
277,279,Gyumri Tbilisyan avenue 2nd deadlock Giumri Tbilisskoe shosse 2-i tupik Gyowmri T`bilisyan khchowghi 2-rd p`akowghi,4,277
278,280,"Gyumri Tbilisyan higway,3th district Giumri Tbilisskoe shosse, 3-i kvartal Gyowmri T`bilisyan khchowghi,3-rd t`aghamas",4,278
279,281,Gyumri Shinararneri street 1st backstreet Giumri 1-i pereulok ulitsy Shinararneri Gyowmri Shinararneri p`oghots` 1-in nrbants`k`,4,279
280,282,Gyumri Mandalyan street Giumri ulitsa Mandalian Gyowmri Mandalyan p`oghots`,4,280
281,283,Gyumri Khanoyan street Giumri ulitsa Khanoiana Gyowmri Khanoyan p`oghots`,4,281
282,284,Gyumri Airport 1st district Giumri 1-i kvartal Aeroporta Gyowmri Odanavakayani 1-in t`aghamas,4,282
283,285,"Gyumri Msi kombinat,4nd lane Giumri Miasnoi kombinat, 4-ia liniia Gyowmri Msi Kombinat 4-rd shark`",4,283
284,286,"Gyumri Southeast bypass road, 1st  deadlock Giumri Iugo-Vostochnaia ob'ezdnaia doroga, 1-i tupik Gyowmri Haravarewelyan shrjants`ik chanaparh, 1-in p`akowghi",4,284
285,287,Gyumri 2nd street Giumri 2-ia ulitsa Gyowmri 2-rd p`oghots`,4,285
286,288,Gyumri Rustaveli 2th backstreet Giumri 2-i pereulok ulitsy Rustaveli Gyowmri Rhowst`aveli 2-rd nrbants`k`,4,286
288,290,Gyumri Lazo street Giumri ulitsa Lazo Gyowmri Lazo p`oghots`,4,287
289,291,Gyumri Baronyan street Giumri ulitsa Baroniana Gyowmri Baronyan p`oghots`,4,288
290,292,Gyumri Sevyan 1st backstreet Giumri 1-i pereulok ulitsy Sevian Gyowmri Sewyan 1-in nrbants`k`,4,289
291,293,Gyumri A.Armenyan 1st deadlock Giumri 1-i tupik ulitsy A. Armenian Gyowmri A. Armenyan 1-in p`akowghi,4,290
292,294,Gyumri Bus station square Giumri ploshchad' Avtovokzal Gyowmri Avtokayarani hraparak,4,291
293,295,Gyumri Tbilisi semaphore Giumri Tbilisskii semafor Gyowmri T`bilisii semafor,4,292
294,296,Gyumri Hovhannes Tumanyan street Giumri ulitsa Ovannesa Tumaniana Gyowmri Hovhannes T`owmanyan p`oghots`,4,293
295,297,Gyumri Belinsky street Giumri ulitsa Belinskogo Gyowmri Belinskow p`oghots`,4,294
296,298,Gyumri Bashinjaxian Street Giumri Bashindzhagian Gyowmri Bashinjaghyan,4,295
297,299,Gyumri Griboyedov street Giumri ulitsa Griboedova Gyowmri Griboyedovi p`oghots`,4,296
298,300,Gyumri Gyumri highway Giumri Giumriiskoe shosse Gyowmri Gyowmrow khchowghi,4,297
299,301,Gyumri Hatsik Highway Giumri Atsikskoe shosse Gyowmri Hats`iki khchowghi,4,298
300,302,Gyumri Tsulukidze 2nd backstreet Giumri 2-i pereulok Tsulukidze Gyowmri Ts`owlowkidzeyi 2-rd nrbants`k`,4,299
301,303,Gyumri Gercen 5th backstreet Giumri 5-i pereulok ulitsy Gertsena Gyowmri Gerts`eni 5-rd nrbants`k`,4,300
302,304,Gyumri Gercen 2nd backstree Giumri 2-i pereulok ulitsy Gertsena Gyowmri Gerts`eni 2-rd nrbants`k`,4,301
303,305,Gyumri Gercen 7th backstreet Giumri 7-i pereulok ulitsy Gertsena Gyowmri Gerts`eni 7-rd nrbants`k`,4,302
304,306,Gyumri Pavlov 1st backstreet Giumri 1-i pereulok ulitsy Pavlova Gyowmri Pavlovi 1-in nrbants`k`,4,303
305,307,Gyumri 4th street Antaravan Giumri 4-ia ulitsa Antaravan Gyowmri Antarhavan 4-rd p`oghots`,4,304
306,308,Gyumri Antaravan district Giumri kvartal Antaravan Gyowmri Antarhavan t`aghamas,4,305
307,309,Gyumri Kutaisyan 1st backstreet Giumri 1-i pereulok ulitsy Kutaisian Gyowmri K`owt`aisyan 1-in nrbants`k`,4,306
308,310,Gyumri Kurghinyan 1st backstreet Giumri 1-i tupik ulitsy Kurkhinian Gyowmri Kowrghinyan 1-in nrbants`k`,4,307
309,311,Gyumri Ayvazovsky  3nd backstreet Giumri 3-i pereulok ulitsy Aivazovskogo Gyowmri Ayvazovskow 3-rd nrbants`k`,4,308
310,312,Gyumri Pushkin 6th backstreet Giumri 6-i pereulok ulitsy Pushkina Gyowmri Powshkini 6-rd nrbants`k`,4,309
311,313,Gyumri Derenik Demirchyan street Giumri ulitsa Derenika Demirchiana Gyowmri Derenik Demrichyan p`oghots`,4,310
312,314,Gyumri Ghukasyan 14 & 15nd lane Giumri 14-ia i 15-ia liniia ulitsy Gukasiana Gyowmri Ghowkasyan 14 ew 15-rd shark`er,4,311
313,315,Gyumri Ghukasyan 12 & 13nd lane Giumri 12-ia i 13-ia liniia ulitsy Gukasiana Gyowmri Ghowkasyan 12 ew 13-rd shark`er,4,312
314,316,Gyumri 10nd lane Ghukasyan Giumri 10-ia liniia ulitsy Gukasian Gyowmri Ghowkasyan 10-rd shark`,4,313
315,317,Gyumri 8nd and 9nd lane Ghukasyan Giumri 7-ia i 8-ia liniia ulitsy Gukasiana Gyowmri Ghowkasyan 7-rd ew 8-rd shark`er,4,314
316,318,Gyumri Chexov street Giumri ulitsa Chekhova Gyowmri Ch`ep`ovi p`oghots`,4,315
317,319,Gyumri Aygabats 7nd lane Giumri 7-ia liniia Aigabatsa Gyowmri Aygabats`i 7-rd shark`,4,316
318,320,Gyumri Nelson Stepanyan street Giumri ulitsa Nelsona Steaniana Gyowmri Nelson Step`anyan p`oghots`,4,317
319,321,Gyumri Ostrovski street Giumri ulitsa Ostrovskogo Gyowmri Ostrovskow p`oghots`,4,318
320,322,Gyumri Komitas 1st backstreet Giumri 1-i pereulok ulitsy Komitasa Gyowmri Komitasi p`oghots`i 1-in nrbants`k`,4,319
321,323,Gyumri Gevorgyan street Giumri ulitsa Gevorgian Gyowmri Geworgyan p`oghots`,4,320
322,324,Gyumri Eletropriborni street 4nd lane Giumri 4-ia liniia ulitsy Elektropribornyi Gyowmri Elektropriborni p`oghots` 4-rd shark`,4,321
323,325,Gyumri Shinararneri street 2th backstreet Giumri 2-i pereulok ulitsy Shinararneri Gyowmri Shinararneri p`oghots` 2-rd nrbants`k`,4,322
324,326,Gyumri Baghramyan 1st backstreet Giumri 1-i pereulok ulitsy M. Bagramian Gyowmri Baghramyan 1-in nrbants`k`,4,323
325,327,Gyumri Khandilyan 1st deadlock Giumri 1-i tupik ulitsy Gandilian Gyowmri Ghandilyan 1-in p`akowghi,4,324
326,328,"Gyumri Hakobyan 1st backstreet Giumri ulitsa Akobian, 1-i pereulok Gyowmri Hakobyan 1-in nrbants`k`",4,325
327,329,Gyumri Abovyan 1st backstreet Giumri 1-i pereulok ulitsy Khachatura Aboviana Gyowmri Abovyan 1-in nrbants`k`,4,326
328,330,Gyumri Rustaveli 1st backstreet Giumri 1-i pereulok ulitsy Rustaveli Gyowmri Rhowst`aveli 1-in nrbants`k`,4,327
329,331,Gyumri 27th street Giumri 27-ia ulitsa Gyowmri 27-rd p`oghots`,4,328
330,332,Gyumri S. Hambartsumyan 2th backstreet Giumri 2-i pereulok ulitsy Sergeia Ambardzumiana Gyowmri S.Hambardzowmyani 2-rd nrbants`k`,4,329
331,333,Gyumri Pushkin 4th backstreet Giumri 4-i pereulok Pushkina Gyowmri Powshkini 4-rd nrbants`k`,4,330
332,334,Gyumri Pushkin 1st backstreet Giumri 1-i pereulok Pushkina Gyowmri Powshkini 1-in nrbants`k`,4,331
333,335,Gyumri Comintern 1st backstreet Giumri 1-i pereulok ulitsy Kominterna Gyowmri Kominterni 1-in nrbants`k`,4,332
334,336,Gyumri Comintern 2th backstreet Giumri 2-i pereulok ulitsy Kominterna Gyowmri Kominterni 2-rd nrbants`k`,4,333
335,337,Gyumri Shahbazyan Street Giumri ulitsa Shakhbaziana Gyowmri Shahbazyan p`oghots`,4,334
336,338,Gyumri Akhuryan highway Giumri shosse Akhurian Gyowmri Akhowryan khchowghi,4,335
337,339,Gyumri Minas Avetisyan street Giumri ulitsa Minasa Avetisiana Gyowmri Minas Avetisyan p`oghots`,4,336
338,340,Gyumri Xachatryan Street Giumri ulitsa Khachatriana Gyowmri ul. Khachatriana,4,337
339,341,Gyumri Timiryazev street Giumri ulitsa Timiriazeva Gyowmri Timiryazewi p`oghots`,4,338
340,342,Gyumri Aragats-2 district Giumri kvartal Aragats-2 Gyowmri Aragats-2 t`aghamas,4,339
343,345,Gyumri Mush 2 district Giumri 2-i kvartal Mush Gyowmri Mowsh 2 t`aghamas,4,340
344,346,"Gyumri Tbilisyan higway,2th district Giumri Tbilisskoe shosse, 2-i kvartal Gyowmri T`bilisyan khchowghi,2-rd t`aghamas",4,341
345,347,,4,342
346,348,,4,343
347,349,,4,344
348,350,,4,345
